{
    "model": "model_epoch_5.pth",
    "box": [
        635.0601196289062,
        188.33197021484375,
        640.0,
        290.3623352050781
    ],
    "label": 1,
    "score": 0.5481433272361755
}