{
    "model": "model_epoch_5.pth",
    "box": [
        634.493408203125,
        212.12039184570312,
        640.0,
        331.7173767089844
    ],
    "label": 1,
    "score": 0.6411792039871216,
    "iou": 1.0,
    "precision": 0.25,
    "recall": 1.0,
    "mAP": 0.030263157894736843
}